{
  "NFL": [
    "Arizona Cardinals", "Atlanta Falcons", "Baltimore Ravens", "Buffalo Bills",
    "Carolina Panthers", "Chicago Bears", "Cincinnati Bengals", "Cleveland Browns",
    "Dallas Cowboys", "Denver Broncos", "Detroit Lions", "Green Bay Packers",
    "Houston Texans", "Indianapolis Colts", "Jacksonville Jaguars", "Kansas City Chiefs",
    "Las Vegas Raiders", "Los Angeles Chargers", "Los Angeles Rams", "Miami Dolphins",
    "Minnesota Vikings", "New England Patriots", "New Orleans Saints", "New York Giants",
    "New York Jets", "Philadelphia Eagles", "Pittsburgh Steelers", "San Francisco 49ers",
    "Seattle Seahawks", "Tampa Bay Buccaneers", "Tennessee Titans", "Washington Commanders"
  ],

  "NBA": [
    "Atlanta Hawks","Boston Celtics","Brooklyn Nets","Charlotte Hornets",
    "Chicago Bulls","Cleveland Cavaliers","Dallas Mavericks","Denver Nuggets",
    "Detroit Pistons","Golden State Warriors","Houston Rockets","Indiana Pacers",
    "Los Angeles Clippers","Los Angeles Lakers","Memphis Grizzlies","Miami Heat",
    "Milwaukee Bucks","Minnesota Timberwolves","New Orleans Pelicans","New York Knicks",
    "Oklahoma City Thunder","Orlando Magic","Philadelphia 76ers","Phoenix Suns",
    "Portland Trail Blazers","Sacramento Kings","San Antonio Spurs","Toronto Raptors",
    "Utah Jazz","Washington Wizards"
  ],

  "MLB": [
    "Arizona Diamondbacks","Atlanta Braves","Baltimore Orioles","Boston Red Sox",
    "Chicago Cubs","Chicago White Sox","Cincinnati Reds","Cleveland Guardians",
    "Colorado Rockies","Detroit Tigers","Houston Astros","Kansas City Royals",
    "Los Angeles Angels","Los Angeles Dodgers","Miami Marlins","Milwaukee Brewers",
    "Minnesota Twins","New York Mets","New York Yankees","Oakland Athletics",
    "Philadelphia Phillies","Pittsburgh Pirates","San Diego Padres","San Francisco Giants",
    "Seattle Mariners","St. Louis Cardinals","Tampa Bay Rays","Texas Rangers",
    "Toronto Blue Jays","Washington Nationals"
  ],

  "NCAAF": [
    "Air Force","Akron","Alabama","Appalachian State","Arizona","Arizona State",
    "Arkansas","Arkansas State","Army","Auburn","Ball State","Baylor","Boise State",
    "Boston College","Bowling Green","Buffalo","BYU","California","Central Michigan",
    "Charlotte","Cincinnati","Clemson","Coastal Carolina","Colorado","Colorado State",
    "Duke","East Carolina","Eastern Michigan","FIU","Florida","Florida Atlantic",
    "Florida International","Florida State","Fresno State","Georgia","Georgia Southern",
    "Georgia State","Georgia Tech","Hawaii","Houston","Illinois","Indiana","Iowa",
    "Iowa State","Kansas","Kansas State","Kent State","Kentucky","Liberty","Louisiana",
    "Louisiana Tech","Louisville","LSU","Marshall","Maryland","Massachusetts","Memphis",
    "Miami (FL)","Miami (OH)","Michigan","Michigan State","Middle Tennessee","Minnesota",
    "Mississippi State","Missouri","Navy","NC State","Nebraska","Nevada","New Mexico",
    "New Mexico State","North Carolina","North Texas","Northern Illinois","Northwestern",
    "Notre Dame","Ohio","Ohio State","Oklahoma","Oklahoma State","Old Dominion","Ole Miss",
    "Oregon","Oregon State","Penn State","Pittsburgh","Purdue","Rice","Rutgers",
    "San Diego State","San Jose State","SMU","South Alabama","South Carolina",
    "South Florida","Southern Miss","Stanford","Syracuse","TCU","Temple","Tennessee",
    "Texas","Texas A&M","Texas State","Texas Tech","Toledo","Troy","Tulane","Tulsa",
    "UAB","UCF","UCLA","UConn","UL Monroe","UL Lafayette","UNLV","USC","Utah","Utah State",
    "UTEP","UTSA","Vanderbilt","Virginia","Virginia Tech","Wake Forest","Washington",
    "Washington State","West Virginia","Western Kentucky","Western Michigan","Wisconsin",
    "Wyoming"
  ],

  "NCAAB": [
    "Abilene Christian","Air Force","Akron","Alabama","Alabama A&M","Alabama State",
    "Albany","Alcorn State","American","Appalachian State","Arizona","Arizona State",
    "Arkansas","Arkansas State","Arkansas-Pine Bluff","Army","Auburn","Austin Peay",
    "Ball State","Baylor","Bellarmine","Belmont","Bethune-Cookman","Binghamton",
    "Boise State","Boston College","Boston University","Bowling Green","Bradley",
    "Brown","Bryant","Bucknell","Buffalo","Butler","BYU",
    "Cal Poly","Cal State Bakersfield","Cal State Fullerton","Cal State Northridge",
    "California","Campbell","Canisius","Central Arkansas","Central Connecticut",
    "Central Michigan","Charleston","Charlotte","Chattanooga","Chicago State","Cincinnati",
    "Clemson","Cleveland State","Coastal Carolina","Colgate","Colorado","Colorado State",
    "Columbia","Connecticut","Coppin State","Cornell","Creighton","Dartmouth","Davidson",
    "Dayton","Delaware","Delaware State","Denver","DePaul","Detroit Mercy","Drake","Drexel",
    "Duke","Duquesne","East Carolina","East Tennessee State","Eastern Illinois",
    "Eastern Kentucky","Eastern Michigan","Eastern Washington","Elon","Evansville","Fairfield",
    "Fairleigh Dickinson","Florida","Florida A&M","Florida Atlantic","Florida Gulf Coast",
    "Florida International","Florida State","Fordham","Fresno State","Furman","Gardner-Webb",
    "George Mason","George Washington","Georgetown","Georgia","Georgia Southern",
    "Georgia State","Georgia Tech","Gonzaga","Grambling State","Grand Canyon","Hampton",
    "Harvard","Hawaii","High Point","Hofstra","Holy Cross","Houston","Houston Christian",
    "Howard","Idaho","Idaho State","Illinois","Illinois State","Incarnate Word","Indiana",
    "Indiana State","Iona","Iowa","Iowa State","Jackson State","Jacksonville",
    "Jacksonville State","James Madison","Kansas","Kansas State","Kennesaw State","Kent State",
    "Kentucky","La Salle","Lafayette","Lamar","Lehigh","Liberty","Lipscomb",
    "Little Rock","Long Beach State","Longwood","Louisiana","Louisiana Monroe",
    "Louisville","Loyola Chicago","Loyola Marymount","LSU","Maine","Manhattan","Marist",
    "Marquette","Marshall","Maryland","Maryland Eastern Shore","Massachusetts","McNeese State",
    "Memphis","Mercer","Merrimack","Miami (FL)","Miami (OH)","Michigan","Michigan State",
    "Middle Tennessee","Milwaukee","Minnesota","Mississippi State","Mississippi Valley State",
    "Missouri","Missouri State","Monmouth","Montana","Montana State","Morehead State",
    "Morgan State","Mount St. Mary's","Murray State","Navy","NC State","Nebraska","Nevada",
    "New Hampshire","New Mexico","New Mexico State","New Orleans","Niagara","Nicholls State",
    "Norfolk State","North Alabama","North Carolina","North Carolina A&T","North Carolina Central",
    "North Dakota","North Dakota State","North Florida","North Texas","Northeastern",
    "Northern Arizona","Northern Colorado","Northern Illinois","Northern Iowa","Northwestern",
    "Notre Dame","Oakland","Ohio","Ohio State","Oklahoma","Oklahoma State","Old Dominion",
    "Omaha","Oral Roberts","Oregon","Oregon State","Pacific","Penn State","Pepperdine",
    "Pittsburgh","Portland","Portland State","Prairie View A&M","Presbyterian","Princeton",
    "Providence","Purdue","Purdue Fort Wayne","Quinnipiac","Radford","Rhode Island",
    "Rice","Richmond","Rider","Robert Morris","Rutgers","Sacramento State","Sacred Heart",
    "Saint Francis (PA)","Saint Joseph's","Saint Louis","Saint Mary's","Saint Peter's",
    "Sam Houston State","Samford","San Diego","San Diego State","San Francisco",
    "San Jose State","Santa Clara","Seattle","Seton Hall","Siena","SMU","South Alabama",
    "South Carolina","South Dakota","South Dakota State","South Florida","Southeast Missouri State",
    "Southeastern Louisiana","Southern","Southern Illinois","Southern Miss","Southern Utah",
    "St. Bonaventure","St. John's","St. Thomas","Stanford","Stephen F. Austin","Stetson",
    "Stonehill","Syracuse","Tarleton State","TCU","Temple","Tennessee","Tennessee State",
    "Tennessee Tech","Texas","Texas A&M","Texas A&M-Commerce","Texas A&M-Corpus Christi",
    "Texas Southern","Texas State","Texas Tech","Toledo","Towson","Troy","Tulane",
    "Tulsa","UAB","UC Davis","UC Irvine","UC Riverside","UC San Diego","UC Santa Barbara",
    "UCF","UCLA","UConn","UIC","UNLV","USC","UT Arlington","UTEP","UTSA",
    "Utah","Utah State","Utah Valley","Vanderbilt","VCU","Vermont","Villanova","Virginia",
    "Virginia Tech","VMI","Wagner","Wake Forest","Washington","Washington State","Weber State",
    "West Virginia","Western Carolina","Western Illinois","Western Kentucky",
    "Western Michigan","Wichita State","William & Mary","Winthrop","Wisconsin","Wofford",
    "Wright State","Wyoming","Xavier","Yale","Youngstown State"
  ]
}